Year;StateID;PartyID;NewVoteCount;ShortName;LongName
2021;1;4;277412.0;AfD;Alternative für Deutschland
2021;1;21;233891.0;CDU;Christlich Demokratische Union Deutschlands
2021;1;27;3353.0;Die Gerechtigkeitspartei - Team Todenhöfer;Die Gerechtigkeitspartei - Team Todenhöfer
2021;1;29;129762.0;Die Linke;Die Linke
2021;1;30;19199.0;Die PARTEI;Partei für Arbeit, Rechtsstaat, Tierschutz, Elitenförderung und basisdemokratische Initiative
2021;1;31;23062.0;dieBasis;Basisdemokratische Partei Deutschland
2021;1;33;1978.0;DKP;Deutsche Kommunistische Partei
2021;1;235;142426.0;FDP;Freie Demokratische Partei
2021;1;236;40509.0;FREIE WÄHLER;FREIE WÄHLER
2021;1;245;137472.0;GRÜNE;BÜNDNIS 90/DIE GRÜNEN
2021;1;261;842.0;MLPD;Marxistisch-Leninistische Partei Deutschlands
2021;1;262;4868.0;NPD;Nationaldemokratische Partei Deutschlands
2021;1;267;1892.0;PdH;Partei der Humanisten - Fakten, Freiheit, Fortschritt
2021;1;268;6340.0;PIRATEN;Piratenpartei Deutschland
2021;1;273;450573.0;SPD;Sozialdemokratische Partei Deutschlands
2021;1;281;39823.0;Tierschutzpartei;PARTEI MENSCH UMWELT TIERSCHUTZ
2021;1;286;9113.0;UNABHÄNGIGE;UNABHÄNGIGE für bürgernahe Demokratie
2021;1;295;4293.0;Volt;Volt Deutschland
2021;1;300;2835.0;ÖDP;Ökologisch-Demokratische Partei
2021;2;4;153694.0;AfD;Alternative für Deutschland
2021;2;20;727.0;BüSo;Bürgerrechtsbewegung Solidarität
2021;2;21;289691.0;CDU;Christlich Demokratische Union Deutschlands
2021;2;27;20168.0;Die Gerechtigkeitspartei - Team Todenhöfer;Die Gerechtigkeitspartei - Team Todenhöfer
2021;2;28;19443.0;Die Grauen;Die Grauen - Für alle Generationen
2021;2;29;209052.0;Die Linke;Die Linke
2021;2;30;28338.0;Die PARTEI;Partei für Arbeit, Rechtsstaat, Tierschutz, Elitenförderung und basisdemokratische Initiative
2021;2;33;2155.0;DKP;Deutsche Kommunistische Partei
2021;2;34;2585.0;du.;Die Urbane. Eine HipHop Partei
2021;2;235;165937.0;FDP;Freie Demokratische Partei
2021;2;236;17070.0;FREIE WÄHLER;FREIE WÄHLER
2021;2;245;408533.0;GRÜNE;BÜNDNIS 90/DIE GRÜNEN
2021;2;257;1232.0;LKR;Liberal-Konservative Reformer
2021;2;261;729.0;MLPD;Marxistisch-Leninistische Partei Deutschlands
2021;2;262;1980.0;NPD;Nationaldemokratische Partei Deutschlands
2021;2;267;3422.0;PdH;Partei der Humanisten - Fakten, Freiheit, Fortschritt
2021;2;268;6916.0;PIRATEN;Piratenpartei Deutschland
2021;2;271;446.0;SGP;Sozialistische Gleichheitspartei, Vierte Internationale
2021;2;273;428289.0;SPD;Sozialdemokratische Partei Deutschlands
2021;2;281;45282.0;Tierschutzpartei;PARTEI MENSCH UMWELT TIERSCHUTZ
2021;2;287;1299.0;V-Partei³;V-Partei³ - Partei für Veränderung, Vegetarier und Veganer
2021;2;290;5150.0;Verjüngungsforschung;Partei für Verjüngungsforschung
2021;2;295;11645.0;Volt;Volt Deutschland
2021;2;300;2798.0;ÖDP;Ökologisch-Demokratische Partei
2021;3;4;571336.0;AfD;Alternative für Deutschland
2021;3;15;12625.0;Bündnis C;Bündnis C - Christen für Deutschland
2021;3;17;1936.0;BÜNDNIS21;diePinken/BÜNDNIS21
2021;3;19;7491.0;BÜRGERBEWEGUNG;Bürgerbewegung für Fortschritt und Wandel
2021;3;21;1477612.0;CDU;Christlich Demokratische Union Deutschlands
2021;3;26;5388.0;DiB;DEMOKRATIE IN BEWEGUNG
2021;3;27;26780.0;Die Gerechtigkeitspartei - Team Todenhöfer;Die Gerechtigkeitspartei - Team Todenhöfer
2021;3;29;196874.0;Die Linke;Die Linke
2021;3;30;53597.0;Die PARTEI;Partei für Arbeit, Rechtsstaat, Tierschutz, Elitenförderung und basisdemokratische Initiative
2021;3;31;114919.0;dieBasis;Basisdemokratische Partei Deutschland
2021;3;33;1107.0;DKP;Deutsche Kommunistische Partei
2021;3;235;908039.0;FDP;Freie Demokratische Partei
2021;3;236;103611.0;FREIE WÄHLER;FREIE WÄHLER
2021;3;245;1022226.0;GRÜNE;BÜNDNIS 90/DIE GRÜNEN
2021;3;257;1578.0;LKR;Liberal-Konservative Reformer
2021;3;261;2248.0;MLPD;Marxistisch-Leninistische Partei Deutschlands
2021;3;262;6036.0;NPD;Nationaldemokratische Partei Deutschlands
2021;3;267;6775.0;PdH;Partei der Humanisten - Fakten, Freiheit, Fortschritt
2021;3;268;21530.0;PIRATEN;Piratenpartei Deutschland
2021;3;273;1287934.0;SPD;Sozialdemokratische Partei Deutschlands
2021;3;281;74702.0;Tierschutzpartei;PARTEI MENSCH UMWELT TIERSCHUTZ
2021;3;290;7059.0;Verjüngungsforschung;Partei für Verjüngungsforschung
2021;3;295;20620.0;Volt;Volt Deutschland
2021;3;300;17637.0;ÖDP;Ökologisch-Demokratische Partei
2021;4;4;679915.0;AfD;Alternative für Deutschland
2021;4;11;32790.0;BP;Bayernpartei
2021;4;15;5574.0;Bündnis C;Bündnis C - Christen für Deutschland
2021;4;22;2402827.0;CSU;Christlich-Soziale Union in Bayern e.V.
2021;4;27;24629.0;Die Gerechtigkeitspartei - Team Todenhöfer;Die Gerechtigkeitspartei - Team Todenhöfer
2021;4;29;210838.0;Die Linke;Die Linke
2021;4;30;53876.0;Die PARTEI;Partei für Arbeit, Rechtsstaat, Tierschutz, Elitenförderung und basisdemokratische Initiative
2021;4;31;131988.0;dieBasis;Basisdemokratische Partei Deutschland
2021;4;33;1288.0;DKP;Deutsche Kommunistische Partei
2021;4;34;4200.0;du.;Die Urbane. Eine HipHop Partei
2021;4;235;798591.0;FDP;Freie Demokratische Partei
2021;4;236;566880.0;FREIE WÄHLER;FREIE WÄHLER
2021;4;245;1067830.0;GRÜNE;BÜNDNIS 90/DIE GRÜNEN
2021;4;247;3544.0;III. Weg;DER DRITTE WEG
2021;4;257;1806.0;LKR;Liberal-Konservative Reformer
2021;4;261;1251.0;MLPD;Marxistisch-Leninistische Partei Deutschlands
2021;4;262;5743.0;NPD;Nationaldemokratische Partei Deutschlands
2021;4;267;6689.0;PdH;Partei der Humanisten - Fakten, Freiheit, Fortschritt
2021;4;268;25865.0;PIRATEN;Piratenpartei Deutschland
2021;4;273;1361242.0;SPD;Sozialdemokratische Partei Deutschlands
2021;4;281;80911.0;Tierschutzpartei;PARTEI MENSCH UMWELT TIERSCHUTZ
2021;4;286;13623.0;UNABHÄNGIGE;UNABHÄNGIGE für bürgernahe Demokratie
2021;4;287;8331.0;V-Partei³;V-Partei³ - Partei für Veränderung, Vegetarier und Veganer
2021;4;290;8524.0;Verjüngungsforschung;Partei für Verjüngungsforschung
2021;4;295;21434.0;Volt;Volt Deutschland
2021;4;300;51124.0;ÖDP;Ökologisch-Demokratische Partei
2021;5;4;22575.0;AfD;Alternative für Deutschland
2021;5;21;56499.0;CDU;Christlich Demokratische Union Deutschlands
2021;5;27;3014.0;Die Gerechtigkeitspartei - Team Todenhöfer;Die Gerechtigkeitspartei - Team Todenhöfer
2021;5;29;25352.0;Die Linke;Die Linke
2021;5;30;3909.0;Die PARTEI;Partei für Arbeit, Rechtsstaat, Tierschutz, Elitenförderung und basisdemokratische Initiative
2021;5;31;3461.0;dieBasis;Basisdemokratische Partei Deutschland
2021;5;235;30481.0;FDP;Freie Demokratische Partei
2021;5;236;2911.0;FREIE WÄHLER;FREIE WÄHLER
2021;5;245;68427.0;GRÜNE;BÜNDNIS 90/DIE GRÜNEN
2021;5;259;386.0;MENSCHLICHE WELT;Menschliche Welt - für das Wohl und Glücklichsein aller
2021;5;261;160.0;MLPD;Marxistisch-Leninistische Partei Deutschlands
2021;5;262;291.0;NPD;Nationaldemokratische Partei Deutschlands
2021;5;267;589.0;PdH;Partei der Humanisten - Fakten, Freiheit, Fortschritt
2021;5;273;103224.0;SPD;Sozialdemokratische Partei Deutschlands
2021;5;281;4517.0;Tierschutzpartei;PARTEI MENSCH UMWELT TIERSCHUTZ
2021;5;287;515.0;V-Partei³;V-Partei³ - Partei für Veränderung, Vegetarier und Veganer
2021;5;295;1322.0;Volt;Volt Deutschland
2021;5;300;407.0;ÖDP;Ökologisch-Demokratische Partei
2021;6;4;290978.0;AfD;Alternative für Deutschland
2021;6;15;4412.0;Bündnis C;Bündnis C - Christen für Deutschland
2021;6;17;1166.0;BÜNDNIS21;diePinken/BÜNDNIS21
2021;6;21;753512.0;CDU;Christlich Demokratische Union Deutschlands
2021;6;27;21897.0;Die Gerechtigkeitspartei - Team Todenhöfer;Die Gerechtigkeitspartei - Team Todenhöfer
2021;6;29;142585.0;Die Linke;Die Linke
2021;6;30;29569.0;Die PARTEI;Partei für Arbeit, Rechtsstaat, Tierschutz, Elitenförderung und basisdemokratische Initiative
2021;6;31;43106.0;dieBasis;Basisdemokratische Partei Deutschland
2021;6;33;1294.0;DKP;Deutsche Kommunistische Partei
2021;6;235;421621.0;FDP;Freie Demokratische Partei
2021;6;236;56155.0;FREIE WÄHLER;FREIE WÄHLER
2021;6;245;521411.0;GRÜNE;BÜNDNIS 90/DIE GRÜNEN
2021;6;257;932.0;LKR;Liberal-Konservative Reformer
2021;6;261;906.0;MLPD;Marxistisch-Leninistische Partei Deutschlands
2021;6;262;4511.0;NPD;Nationaldemokratische Partei Deutschlands
2021;6;267;3551.0;PdH;Partei der Humanisten - Fakten, Freiheit, Fortschritt
2021;6;268;13152.0;PIRATEN;Piratenpartei Deutschland
2021;6;273;910035.0;SPD;Sozialdemokratische Partei Deutschlands
2021;6;281;49047.0;Tierschutzpartei;PARTEI MENSCH UMWELT TIERSCHUTZ
2021;6;287;3128.0;V-Partei³;V-Partei³ - Partei für Veränderung, Vegetarier und Veganer
2021;6;290;4891.0;Verjüngungsforschung;Partei für Verjüngungsforschung
2021;6;295;19268.0;Volt;Volt Deutschland
2021;6;300;3683.0;ÖDP;Ökologisch-Demokratische Partei
2021;7;4;50537.0;AfD;Alternative für Deutschland
2021;7;17;386.0;BÜNDNIS21;diePinken/BÜNDNIS21
2021;7;21;155220.0;CDU;Christlich Demokratische Union Deutschlands
2021;7;27;8952.0;Die Gerechtigkeitspartei - Team Todenhöfer;Die Gerechtigkeitspartei - Team Todenhöfer
2021;7;29;67578.0;Die Linke;Die Linke
2021;7;30;10147.0;Die PARTEI;Partei für Arbeit, Rechtsstaat, Tierschutz, Elitenförderung und basisdemokratische Initiative
2021;7;31;13961.0;dieBasis;Basisdemokratische Partei Deutschland
2021;7;33;532.0;DKP;Deutsche Kommunistische Partei
2021;7;34;1341.0;du.;Die Urbane. Eine HipHop Partei
2021;7;235;114602.0;FDP;Freie Demokratische Partei
2021;7;236;5601.0;FREIE WÄHLER;FREIE WÄHLER
2021;7;245;250532.0;GRÜNE;BÜNDNIS 90/DIE GRÜNEN
2021;7;257;248.0;LKR;Liberal-Konservative Reformer
2021;7;261;348.0;MLPD;Marxistisch-Leninistische Partei Deutschlands
2021;7;262;648.0;NPD;Nationaldemokratische Partei Deutschlands
2021;7;267;1203.0;PdH;Partei der Humanisten - Fakten, Freiheit, Fortschritt
2021;7;268;4377.0;PIRATEN;Piratenpartei Deutschland
2021;7;273;298342.0;SPD;Sozialdemokratische Partei Deutschlands
2021;7;281;12325.0;Tierschutzpartei;PARTEI MENSCH UMWELT TIERSCHUTZ
2021;7;287;1219.0;V-Partei³;V-Partei³ - Partei für Veränderung, Vegetarier und Veganer
2021;7;295;5429.0;Volt;Volt Deutschland
2021;7;300;2016.0;ÖDP;Ökologisch-Demokratische Partei
2021;8;4;165342.0;AfD;Alternative für Deutschland
2021;8;21;160103.0;CDU;Christlich Demokratische Union Deutschlands
2021;8;27;2146.0;Die Gerechtigkeitspartei - Team Todenhöfer;Die Gerechtigkeitspartei - Team Todenhöfer
2021;8;29;101735.0;Die Linke;Die Linke
2021;8;30;7900.0;Die PARTEI;Partei für Arbeit, Rechtsstaat, Tierschutz, Elitenförderung und basisdemokratische Initiative
2021;8;31;16336.0;dieBasis;Basisdemokratische Partei Deutschland
2021;8;33;754.0;DKP;Deutsche Kommunistische Partei
2021;8;235;75555.0;FDP;Freie Demokratische Partei
2021;8;236;13344.0;FREIE WÄHLER;FREIE WÄHLER
2021;8;245;71956.0;GRÜNE;BÜNDNIS 90/DIE GRÜNEN
2021;8;261;709.0;MLPD;Marxistisch-Leninistische Partei Deutschlands
2021;8;262;6400.0;NPD;Nationaldemokratische Partei Deutschlands
2021;8;267;1277.0;PdH;Partei der Humanisten - Fakten, Freiheit, Fortschritt
2021;8;268;4259.0;PIRATEN;Piratenpartei Deutschland
2021;8;273;267368.0;SPD;Sozialdemokratische Partei Deutschlands
2021;8;281;20582.0;Tierschutzpartei;PARTEI MENSCH UMWELT TIERSCHUTZ
2021;8;295;1904.0;Volt;Volt Deutschland
2021;8;300;1189.0;ÖDP;Ökologisch-Demokratische Partei
2021;9;4;336434.0;AfD;Alternative für Deutschland
2021;9;21;1093579.0;CDU;Christlich Demokratische Union Deutschlands
2021;9;27;13565.0;Die Gerechtigkeitspartei - Team Todenhöfer;Die Gerechtigkeitspartei - Team Todenhöfer
2021;9;29;148657.0;Die Linke;Die Linke
2021;9;30;40158.0;Die PARTEI;Partei für Arbeit, Rechtsstaat, Tierschutz, Elitenförderung und basisdemokratische Initiative
2021;9;31;46369.0;dieBasis;Basisdemokratische Partei Deutschland
2021;9;33;1020.0;DKP;Deutsche Kommunistische Partei
2021;9;34;2625.0;du.;Die Urbane. Eine HipHop Partei
2021;9;235;474638.0;FDP;Freie Demokratische Partei
2021;9;236;37214.0;FREIE WÄHLER;FREIE WÄHLER
2021;9;245;726613.0;GRÜNE;BÜNDNIS 90/DIE GRÜNEN
2021;9;257;1306.0;LKR;Liberal-Konservative Reformer
2021;9;261;808.0;MLPD;Marxistisch-Leninistische Partei Deutschlands
2021;9;262;4379.0;NPD;Nationaldemokratische Partei Deutschlands
2021;9;267;3806.0;PdH;Partei der Humanisten - Fakten, Freiheit, Fortschritt
2021;9;268;16955.0;PIRATEN;Piratenpartei Deutschland
2021;9;273;1498500.0;SPD;Sozialdemokratische Partei Deutschlands
2021;9;281;57931.0;Tierschutzpartei;PARTEI MENSCH UMWELT TIERSCHUTZ
2021;9;287;3283.0;V-Partei³;V-Partei³ - Partei für Veränderung, Vegetarier und Veganer
2021;9;295;11897.0;Volt;Volt Deutschland
2021;9;300;3484.0;ÖDP;Ökologisch-Demokratische Partei
2021;10;4;717510.0;AfD;Alternative für Deutschland
2021;10;15;10128.0;Bündnis C;Bündnis C - Christen für Deutschland
2021;10;21;2566719.0;CDU;Christlich Demokratische Union Deutschlands
2021;10;27;65137.0;Die Gerechtigkeitspartei - Team Todenhöfer;Die Gerechtigkeitspartei - Team Todenhöfer
2021;10;29;366947.0;Die Linke;Die Linke
2021;10;30;108504.0;Die PARTEI;Partei für Arbeit, Rechtsstaat, Tierschutz, Elitenförderung und basisdemokratische Initiative
2021;10;31;99217.0;dieBasis;Basisdemokratische Partei Deutschland
2021;10;33;2556.0;DKP;Deutsche Kommunistische Partei
2021;10;34;4729.0;du.;Die Urbane. Eine HipHop Partei
2021;10;235;1130154.0;FDP;Freie Demokratische Partei
2021;10;236;64990.0;FREIE WÄHLER;FREIE WÄHLER
2021;10;245;1587067.0;GRÜNE;BÜNDNIS 90/DIE GRÜNEN
2021;10;255;9189.0;LfK;>> Partei für Kinder, Jugendliche und Familien << - Lobbyisten für Kinder -
2021;10;256;12967.0;LIEBE;Europäische Partei LIEBE
2021;10;257;2298.0;LKR;Liberal-Konservative Reformer
2021;10;261;3476.0;MLPD;Marxistisch-Leninistische Partei Deutschlands
2021;10;262;8956.0;NPD;Nationaldemokratische Partei Deutschlands
2021;10;266;3228.0;PdF;Partei des Fortschritts
2021;10;267;7685.0;PdH;Partei der Humanisten - Fakten, Freiheit, Fortschritt
2021;10;268;36789.0;PIRATEN;Piratenpartei Deutschland
2021;10;271;971.0;SGP;Sozialistische Gleichheitspartei, Vierte Internationale
2021;10;273;2880226.0;SPD;Sozialdemokratische Partei Deutschlands
2021;10;281;136195.0;Tierschutzpartei;PARTEI MENSCH UMWELT TIERSCHUTZ
2021;10;287;6628.0;V-Partei³;V-Partei³ - Partei für Veränderung, Vegetarier und Veganer
2021;10;290;11673.0;Verjüngungsforschung;Partei für Verjüngungsforschung
2021;10;295;36039.0;Volt;Volt Deutschland
2021;10;300;8052.0;ÖDP;Ökologisch-Demokratische Partei
2021;11;4;215205.0;AfD;Alternative für Deutschland
2021;11;21;576533.0;CDU;Christlich Demokratische Union Deutschlands
2021;11;26;1796.0;DiB;DEMOKRATIE IN BEWEGUNG
2021;11;27;8578.0;Die Gerechtigkeitspartei - Team Todenhöfer;Die Gerechtigkeitspartei - Team Todenhöfer
2021;11;29;76123.0;Die Linke;Die Linke
2021;11;30;20844.0;Die PARTEI;Partei für Arbeit, Rechtsstaat, Tierschutz, Elitenförderung und basisdemokratische Initiative
2021;11;31;28719.0;dieBasis;Basisdemokratische Partei Deutschland
2021;11;235;272451.0;FDP;Freie Demokratische Partei
2021;11;236;84396.0;FREIE WÄHLER;FREIE WÄHLER
2021;11;245;293135.0;GRÜNE;BÜNDNIS 90/DIE GRÜNEN
2021;11;257;1044.0;LKR;Liberal-Konservative Reformer
2021;11;261;469.0;MLPD;Marxistisch-Leninistische Partei Deutschlands
2021;11;262;2779.0;NPD;Nationaldemokratische Partei Deutschlands
2021;11;267;2284.0;PdH;Partei der Humanisten - Fakten, Freiheit, Fortschritt
2021;11;268;9530.0;PIRATEN;Piratenpartei Deutschland
2021;11;273;685534.0;SPD;Sozialdemokratische Partei Deutschlands
2021;11;281;35759.0;Tierschutzpartei;PARTEI MENSCH UMWELT TIERSCHUTZ
2021;11;287;2202.0;V-Partei³;V-Partei³ - Partei für Veränderung, Vegetarier und Veganer
2021;11;295;11110.0;Volt;Volt Deutschland
2021;11;300;5661.0;ÖDP;Ökologisch-Demokratische Partei
2021;12;4;119566.0;AfD;Alternative für Deutschland
2021;12;21;388399.0;CDU;Christlich Demokratische Union Deutschlands
2021;12;27;5305.0;Die Gerechtigkeitspartei - Team Todenhöfer;Die Gerechtigkeitspartei - Team Todenhöfer
2021;12;29;64238.0;Die Linke;Die Linke
2021;12;30;17870.0;Die PARTEI;Partei für Arbeit, Rechtsstaat, Tierschutz, Elitenförderung und basisdemokratische Initiative
2021;12;31;23407.0;dieBasis;Basisdemokratische Partei Deutschland
2021;12;33;516.0;DKP;Deutsche Kommunistische Partei
2021;12;34;1029.0;du.;Die Urbane. Eine HipHop Partei
2021;12;235;220039.0;FDP;Freie Demokratische Partei
2021;12;236;17043.0;FREIE WÄHLER;FREIE WÄHLER
2021;12;245;322763.0;GRÜNE;BÜNDNIS 90/DIE GRÜNEN
2021;12;257;715.0;LKR;Liberal-Konservative Reformer
2021;12;261;322.0;MLPD;Marxistisch-Leninistische Partei Deutschlands
2021;12;262;2034.0;NPD;Nationaldemokratische Partei Deutschlands
2021;12;267;1763.0;PdH;Partei der Humanisten - Fakten, Freiheit, Fortschritt
2021;12;273;494055.0;SPD;Sozialdemokratische Partei Deutschlands
2021;12;274;55578.0;SSW;Südschleswigscher Wählerverband
2021;12;281;20653.0;Tierschutzpartei;PARTEI MENSCH UMWELT TIERSCHUTZ
2021;12;287;1763.0;V-Partei³;V-Partei³ - Partei für Veränderung, Vegetarier und Veganer
2021;12;295;4157.0;Volt;Volt Deutschland
2021;12;300;1539.0;ÖDP;Ökologisch-Demokratische Partei
2021;13;4;57629.0;AfD;Alternative für Deutschland
2021;13;21;135134.0;CDU;Christlich Demokratische Union Deutschlands
2021;13;27;2281.0;Die Gerechtigkeitspartei - Team Todenhöfer;Die Gerechtigkeitspartei - Team Todenhöfer
2021;13;29;41130.0;Die Linke;Die Linke
2021;13;30;9978.0;Die PARTEI;Partei für Arbeit, Rechtsstaat, Tierschutz, Elitenförderung und basisdemokratische Initiative
2021;13;31;8116.0;dieBasis;Basisdemokratische Partei Deutschland
2021;13;235;65945.0;FDP;Freie Demokratische Partei
2021;13;236;11746.0;FREIE WÄHLER;FREIE WÄHLER
2021;13;261;357.0;MLPD;Marxistisch-Leninistische Partei Deutschlands
2021;13;262;1375.0;NPD;Nationaldemokratische Partei Deutschlands
2021;13;268;3419.0;PIRATEN;Piratenpartei Deutschland
2021;13;273;213777.0;SPD;Sozialdemokratische Partei Deutschlands
2021;13;281;16231.0;Tierschutzpartei;PARTEI MENSCH UMWELT TIERSCHUTZ
2021;13;295;4019.0;Volt;Volt Deutschland
2021;13;300;2531.0;ÖDP;Ökologisch-Demokratische Partei
2021;14;4;607044.0;AfD;Alternative für Deutschland
2021;14;15;7129.0;Bündnis C;Bündnis C - Christen für Deutschland
2021;14;21;422879.0;CDU;Christlich Demokratische Union Deutschlands
2021;14;27;6229.0;Die Gerechtigkeitspartei - Team Todenhöfer;Die Gerechtigkeitspartei - Team Todenhöfer
2021;14;29;230012.0;Die Linke;Die Linke
2021;14;30;31905.0;Die PARTEI;Partei für Arbeit, Rechtsstaat, Tierschutz, Elitenförderung und basisdemokratische Initiative
2021;14;31;38090.0;dieBasis;Basisdemokratische Partei Deutschland
2021;14;33;1725.0;DKP;Deutsche Kommunistische Partei
2021;14;235;271166.0;FDP;Freie Demokratische Partei
2021;14;236;56654.0;FREIE WÄHLER;FREIE WÄHLER
2021;14;245;212320.0;GRÜNE;BÜNDNIS 90/DIE GRÜNEN
2021;14;247;4288.0;III. Weg;DER DRITTE WEG
2021;14;261;1562.0;MLPD;Marxistisch-Leninistische Partei Deutschlands
2021;14;262;7469.0;NPD;Nationaldemokratische Partei Deutschlands
2021;14;267;4003.0;PdH;Partei der Humanisten - Fakten, Freiheit, Fortschritt
2021;14;268;10433.0;PIRATEN;Piratenpartei Deutschland
2021;14;273;474804.0;SPD;Sozialdemokratische Partei Deutschlands
2021;14;281;47939.0;Tierschutzpartei;PARTEI MENSCH UMWELT TIERSCHUTZ
2021;14;287;2464.0;V-Partei³;V-Partei³ - Partei für Veränderung, Vegetarier und Veganer
2021;14;290;12052.0;Verjüngungsforschung;Partei für Verjüngungsforschung
2021;14;295;6674.0;Volt;Volt Deutschland
2021;14;300;6056.0;ÖDP;Ökologisch-Demokratische Partei
2021;15;4;235492.0;AfD;Alternative für Deutschland
2021;15;21;252286.0;CDU;Christlich Demokratische Union Deutschlands
2021;15;29;115330.0;Die Linke;Die Linke
2021;15;30;9763.0;Die PARTEI;Partei für Arbeit, Rechtsstaat, Tierschutz, Elitenförderung und basisdemokratische Initiative
2021;15;31;19213.0;dieBasis;Basisdemokratische Partei Deutschland
2021;15;34;1302.0;du.;Die Urbane. Eine HipHop Partei
2021;15;235;114024.0;FDP;Freie Demokratische Partei
2021;15;236;22509.0;FREIE WÄHLER;FREIE WÄHLER
2021;15;242;7611.0;Gartenpartei;Gartenpartei
2021;15;245;78701.0;GRÜNE;BÜNDNIS 90/DIE GRÜNEN
2021;15;261;1042.0;MLPD;Marxistisch-Leninistische Partei Deutschlands
2021;15;262;3002.0;NPD;Nationaldemokratische Partei Deutschlands
2021;15;267;1415.0;PdH;Partei der Humanisten - Fakten, Freiheit, Fortschritt
2021;15;268;4067.0;PIRATEN;Piratenpartei Deutschland
2021;15;273;305085.0;SPD;Sozialdemokratische Partei Deutschlands
2021;15;280;13672.0;Tierschutzallianz;Allianz für Menschenrechte, Tier- und Naturschutz
2021;15;281;14483.0;Tierschutzpartei;PARTEI MENSCH UMWELT TIERSCHUTZ
2021;15;295;2097.0;Volt;Volt Deutschland
2021;15;300;846.0;ÖDP;Ökologisch-Demokratische Partei
2021;16;4;303233.0;AfD;Alternative für Deutschland
2021;16;21;213414.0;CDU;Christlich Demokratische Union Deutschlands
2021;16;27;2501.0;Die Gerechtigkeitspartei - Team Todenhöfer;Die Gerechtigkeitspartei - Team Todenhöfer
2021;16;29;144693.0;Die Linke;Die Linke
2021;16;30;16013.0;Die PARTEI;Partei für Arbeit, Rechtsstaat, Tierschutz, Elitenförderung und basisdemokratische Initiative
2021;16;31;20189.0;dieBasis;Basisdemokratische Partei Deutschland
2021;16;235;114283.0;FDP;Freie Demokratische Partei
2021;16;236;27151.0;FREIE WÄHLER;FREIE WÄHLER
2021;16;245;83220.0;GRÜNE;BÜNDNIS 90/DIE GRÜNEN
2021;16;259;3400.0;MENSCHLICHE WELT;Menschliche Welt - für das Wohl und Glücklichsein aller
2021;16;261;2570.0;MLPD;Marxistisch-Leninistische Partei Deutschlands
2021;16;262;4103.0;NPD;Nationaldemokratische Partei Deutschlands
2021;16;267;1357.0;PdH;Partei der Humanisten - Fakten, Freiheit, Fortschritt
2021;16;268;6291.0;PIRATEN;Piratenpartei Deutschland
2021;16;273;296446.0;SPD;Sozialdemokratische Partei Deutschlands
2021;16;281;18973.0;Tierschutzpartei;PARTEI MENSCH UMWELT TIERSCHUTZ
2021;16;287;1052.0;V-Partei³;V-Partei³ - Partei für Veränderung, Vegetarier und Veganer
2021;16;295;3566.0;Volt;Volt Deutschland
2021;16;300;2456.0;ÖDP;Ökologisch-Demokratische Partei
2025;1;4;535279.0;AfD;Alternative für Deutschland
2025;1;12;176187.0;BSW;Bündnis Sahra Wagenknecht - Vernunft und Gerechtigkeit
2025;1;16;4331.0;BÜNDNIS DEUTSCHLAND;BÜNDNIS DEUTSCHLAND
2025;1;21;297987.0;CDU;Christlich Demokratische Union Deutschlands
2025;1;29;176223.0;Die Linke;Die Linke
2025;1;30;14705.0;Die PARTEI;Partei für Arbeit, Rechtsstaat, Tierschutz, Elitenförderung und basisdemokratische Initiative
2025;1;235;53465.0;FDP;Freie Demokratische Partei
2025;1;236;23966.0;FREIE WÄHLER;FREIE WÄHLER
2025;1;245;108591.0;GRÜNE;BÜNDNIS 90/DIE GRÜNEN
2025;1;261;1118.0;MLPD;Marxistisch-Leninistische Partei Deutschlands
2025;1;273;243973.0;SPD;Sozialdemokratische Partei Deutschlands
2025;1;295;11369.0;Volt;Volt Deutschland
2025;2;4;296999.0;AfD;Alternative für Deutschland
2025;2;12;129501.0;BSW;Bündnis Sahra Wagenknecht - Vernunft und Gerechtigkeit
2025;2;16;3054.0;BÜNDNIS DEUTSCHLAND;BÜNDNIS DEUTSCHLAND
2025;2;20;719.0;BüSo;Bürgerrechtsbewegung Solidarität
2025;2;21;356091.0;CDU;Christlich Demokratische Union Deutschlands
2025;2;27;4531.0;Die Gerechtigkeitspartei - Team Todenhöfer;Die Gerechtigkeitspartei - Team Todenhöfer
2025;2;29;387142.0;Die Linke;Die Linke
2025;2;30;12871.0;Die PARTEI;Partei für Arbeit, Rechtsstaat, Tierschutz, Elitenförderung und basisdemokratische Initiative
2025;2;235;74110.0;FDP;Freie Demokratische Partei
2025;2;236;6410.0;FREIE WÄHLER;FREIE WÄHLER
2025;2;245;328022.0;GRÜNE;BÜNDNIS 90/DIE GRÜNEN
2025;2;260;2443.0;MERA25;MERA25 - Gemeinsam für Europäische Unabhängigkeit
2025;2;261;925.0;MLPD;Marxistisch-Leninistische Partei Deutschlands
2025;2;266;3407.0;PdF;Partei des Fortschritts
2025;2;271;425.0;SGP;Sozialistische Gleichheitspartei, Vierte Internationale
2025;2;273;295190.0;SPD;Sozialdemokratische Partei Deutschlands
2025;2;281;29349.0;Tierschutzpartei;PARTEI MENSCH UMWELT TIERSCHUTZ
2025;2;295;18210.0;Volt;Volt Deutschland
2025;3;4;1256267.0;AfD;Alternative für Deutschland
2025;3;12;259788.0;BSW;Bündnis Sahra Wagenknecht - Vernunft und Gerechtigkeit
2025;3;15;11784.0;Bündnis C;Bündnis C - Christen für Deutschland
2025;3;16;7743.0;BÜNDNIS DEUTSCHLAND;BÜNDNIS DEUTSCHLAND
2025;3;21;2006537.0;CDU;Christlich Demokratische Union Deutschlands
2025;3;29;429472.0;Die Linke;Die Linke
2025;3;30;28034.0;Die PARTEI;Partei für Arbeit, Rechtsstaat, Tierschutz, Elitenförderung und basisdemokratische Initiative
2025;3;31;21859.0;dieBasis;Basisdemokratische Partei Deutschland
2025;3;235;357485.0;FDP;Freie Demokratische Partei
2025;3;236;86284.0;FREIE WÄHLER;FREIE WÄHLER
2025;3;245;865594.0;GRÜNE;BÜNDNIS 90/DIE GRÜNEN
2025;3;261;2402.0;MLPD;Marxistisch-Leninistische Partei Deutschlands
2025;3;273;898702.0;SPD;Sozialdemokratische Partei Deutschlands
2025;3;281;55878.0;Tierschutzpartei;PARTEI MENSCH UMWELT TIERSCHUTZ
2025;3;295;49001.0;Volt;Volt Deutschland
2025;3;300;12256.0;ÖDP;Ökologisch-Demokratische Partei
2025;4;4;1515533.0;AfD;Alternative für Deutschland
2025;4;11;12315.0;BP;Bayernpartei
2025;4;12;245664.0;BSW;Bündnis Sahra Wagenknecht - Vernunft und Gerechtigkeit
2025;4;16;7476.0;BÜNDNIS DEUTSCHLAND;BÜNDNIS DEUTSCHLAND
2025;4;22;2963732.0;CSU;Christlich-Soziale Union in Bayern e.V.
2025;4;29;456663.0;Die Linke;Die Linke
2025;4;30;30612.0;Die PARTEI;Partei für Arbeit, Rechtsstaat, Tierschutz, Elitenförderung und basisdemokratische Initiative
2025;4;31;29011.0;dieBasis;Basisdemokratische Partei Deutschland
2025;4;235;333361.0;FDP;Freie Demokratische Partei
2025;4;236;345812.0;FREIE WÄHLER;FREIE WÄHLER
2025;4;245;957169.0;GRÜNE;BÜNDNIS 90/DIE GRÜNEN
2025;4;261;1663.0;MLPD;Marxistisch-Leninistische Partei Deutschlands
2025;4;267;5530.0;PdH;Partei der Humanisten - Fakten, Freiheit, Fortschritt
2025;4;273;920748.0;SPD;Sozialdemokratische Partei Deutschlands
2025;4;281;61869.0;Tierschutzpartei;PARTEI MENSCH UMWELT TIERSCHUTZ
2025;4;295;50636.0;Volt;Volt Deutschland
2025;4;300;33328.0;ÖDP;Ökologisch-Demokratische Partei
2025;5;4;52494.0;AfD;Alternative für Deutschland
2025;5;12;15077.0;BSW;Bündnis Sahra Wagenknecht - Vernunft und Gerechtigkeit
2025;5;16;973.0;BÜNDNIS DEUTSCHLAND;BÜNDNIS DEUTSCHLAND
2025;5;21;71567.0;CDU;Christlich Demokratische Union Deutschlands
2025;5;29;51461.0;Die Linke;Die Linke
2025;5;30;2582.0;Die PARTEI;Partei für Arbeit, Rechtsstaat, Tierschutz, Elitenförderung und basisdemokratische Initiative
2025;5;235;12294.0;FDP;Freie Demokratische Partei
2025;5;236;1629.0;FREIE WÄHLER;FREIE WÄHLER
2025;5;245;54288.0;GRÜNE;BÜNDNIS 90/DIE GRÜNEN
2025;5;259;694.0;MENSCHLICHE WELT;Menschliche Welt - für das Wohl und Glücklichsein aller
2025;5;260;258.0;MERA25;MERA25 - Gemeinsam für Europäische Unabhängigkeit
2025;5;261;207.0;MLPD;Marxistisch-Leninistische Partei Deutschlands
2025;5;273;80600.0;SPD;Sozialdemokratische Partei Deutschlands
2025;5;290;304.0;Verjüngungsforschung;Partei für Verjüngungsforschung
2025;5;295;3830.0;Volt;Volt Deutschland
2025;6;4;636771.0;AfD;Alternative für Deutschland
2025;6;12;158427.0;BSW;Bündnis Sahra Wagenknecht - Vernunft und Gerechtigkeit
2025;6;16;5826.0;BÜNDNIS DEUTSCHLAND;BÜNDNIS DEUTSCHLAND
2025;6;21;1033893.0;CDU;Christlich Demokratische Union Deutschlands
2025;6;29;311079.0;Die Linke;Die Linke
2025;6;30;18115.0;Die PARTEI;Partei für Arbeit, Rechtsstaat, Tierschutz, Elitenförderung und basisdemokratische Initiative
2025;6;235;180816.0;FDP;Freie Demokratische Partei
2025;6;236;46582.0;FREIE WÄHLER;FREIE WÄHLER
2025;6;245;451573.0;GRÜNE;BÜNDNIS 90/DIE GRÜNEN
2025;6;261;1223.0;MLPD;Marxistisch-Leninistische Partei Deutschlands
2025;6;267;3096.0;PdH;Partei der Humanisten - Fakten, Freiheit, Fortschritt
2025;6;273;657536.0;SPD;Sozialdemokratische Partei Deutschlands
2025;6;281;44513.0;Tierschutzpartei;PARTEI MENSCH UMWELT TIERSCHUTZ
2025;6;295;31533.0;Volt;Volt Deutschland
2025;7;4;113463.0;AfD;Alternative für Deutschland
2025;7;12;41827.0;BSW;Bündnis Sahra Wagenknecht - Vernunft und Gerechtigkeit
2025;7;16;1275.0;BÜNDNIS DEUTSCHLAND;BÜNDNIS DEUTSCHLAND
2025;7;21;216782.0;CDU;Christlich Demokratische Union Deutschlands
2025;7;29;150930.0;Die Linke;Die Linke
2025;7;30;4517.0;Die PARTEI;Partei für Arbeit, Rechtsstaat, Tierschutz, Elitenförderung und basisdemokratische Initiative
2025;7;235;47078.0;FDP;Freie Demokratische Partei
2025;7;236;3880.0;FREIE WÄHLER;FREIE WÄHLER
2025;7;245;201761.0;GRÜNE;BÜNDNIS 90/DIE GRÜNEN
2025;7;261;530.0;MLPD;Marxistisch-Leninistische Partei Deutschlands
2025;7;273;237564.0;SPD;Sozialdemokratische Partei Deutschlands
2025;7;281;9707.0;Tierschutzpartei;PARTEI MENSCH UMWELT TIERSCHUTZ
2025;7;295;15555.0;Volt;Volt Deutschland
2025;8;4;357356.0;AfD;Alternative für Deutschland
2025;8;12;107756.0;BSW;Bündnis Sahra Wagenknecht - Vernunft und Gerechtigkeit
2025;8;16;3331.0;BÜNDNIS DEUTSCHLAND;BÜNDNIS DEUTSCHLAND
2025;8;21;181963.0;CDU;Christlich Demokratische Union Deutschlands
2025;8;29;123051.0;Die Linke;Die Linke
2025;8;235;32679.0;FDP;Freie Demokratische Partei
2025;8;236;10796.0;FREIE WÄHLER;FREIE WÄHLER
2025;8;245;54721.0;GRÜNE;BÜNDNIS 90/DIE GRÜNEN
2025;8;261;847.0;MLPD;Marxistisch-Leninistische Partei Deutschlands
2025;8;273;126703.0;SPD;Sozialdemokratische Partei Deutschlands
2025;8;281;15672.0;Tierschutzpartei;PARTEI MENSCH UMWELT TIERSCHUTZ
2025;8;295;6350.0;Volt;Volt Deutschland
2025;9;4;894057.0;AfD;Alternative für Deutschland
2025;9;12;189146.0;BSW;Bündnis Sahra Wagenknecht - Vernunft und Gerechtigkeit
2025;9;16;6368.0;BÜNDNIS DEUTSCHLAND;BÜNDNIS DEUTSCHLAND
2025;9;21;1409499.0;CDU;Christlich Demokratische Union Deutschlands
2025;9;29;405229.0;Die Linke;Die Linke
2025;9;30;22343.0;Die PARTEI;Partei für Arbeit, Rechtsstaat, Tierschutz, Elitenförderung und basisdemokratische Initiative
2025;9;31;12480.0;dieBasis;Basisdemokratische Partei Deutschland
2025;9;235;205037.0;FDP;Freie Demokratische Partei
2025;9;236;37581.0;FREIE WÄHLER;FREIE WÄHLER
2025;9;245;576371.0;GRÜNE;BÜNDNIS 90/DIE GRÜNEN
2025;9;261;1243.0;MLPD;Marxistisch-Leninistische Partei Deutschlands
2025;9;267;3346.0;PdH;Partei der Humanisten - Fakten, Freiheit, Fortschritt
2025;9;268;8032.0;PIRATEN;Piratenpartei Deutschland
2025;9;273;1152824.0;SPD;Sozialdemokratische Partei Deutschlands
2025;9;281;58072.0;Tierschutzpartei;PARTEI MENSCH UMWELT TIERSCHUTZ
2025;9;295;30437.0;Volt;Volt Deutschland
2025;10;4;1769822.0;AfD;Alternative für Deutschland
2025;10;12;431616.0;BSW;Bündnis Sahra Wagenknecht - Vernunft und Gerechtigkeit
2025;10;16;14596.0;BÜNDNIS DEUTSCHLAND;BÜNDNIS DEUTSCHLAND
2025;10;21;3170708.0;CDU;Christlich Demokratische Union Deutschlands
2025;10;27;20027.0;Die Gerechtigkeitspartei - Team Todenhöfer;Die Gerechtigkeitspartei - Team Todenhöfer
2025;10;29;877058.0;Die Linke;Die Linke
2025;10;30;59076.0;Die PARTEI;Partei für Arbeit, Rechtsstaat, Tierschutz, Elitenförderung und basisdemokratische Initiative
2025;10;31;22207.0;dieBasis;Basisdemokratische Partei Deutschland
2025;10;235;462644.0;FDP;Freie Demokratische Partei
2025;10;236;52887.0;FREIE WÄHLER;FREIE WÄHLER
2025;10;245;1300915.0;GRÜNE;BÜNDNIS 90/DIE GRÜNEN
2025;10;260;4427.0;MERA25;MERA25 - Gemeinsam für Europäische Unabhängigkeit
2025;10;261;4068.0;MLPD;Marxistisch-Leninistische Partei Deutschlands
2025;10;266;17970.0;PdF;Partei des Fortschritts
2025;10;273;2108383.0;SPD;Sozialdemokratische Partei Deutschlands
2025;10;281;133453.0;Tierschutzpartei;PARTEI MENSCH UMWELT TIERSCHUTZ
2025;10;295;68917.0;Volt;Volt Deutschland
2025;10;297;6803.0;WerteUnion;WerteUnion
2025;11;4;498733.0;AfD;Alternative für Deutschland
2025;11;12;104965.0;BSW;Bündnis Sahra Wagenknecht - Vernunft und Gerechtigkeit
2025;11;16;3924.0;BÜNDNIS DEUTSCHLAND;BÜNDNIS DEUTSCHLAND
2025;11;21;760535.0;CDU;Christlich Demokratische Union Deutschlands
2025;11;29;161744.0;Die Linke;Die Linke
2025;11;30;11470.0;Die PARTEI;Partei für Arbeit, Rechtsstaat, Tierschutz, Elitenförderung und basisdemokratische Initiative
2025;11;235;114036.0;FDP;Freie Demokratische Partei
2025;11;236;52028.0;FREIE WÄHLER;FREIE WÄHLER
2025;11;245;256930.0;GRÜNE;BÜNDNIS 90/DIE GRÜNEN
2025;11;261;636.0;MLPD;Marxistisch-Leninistische Partei Deutschlands
2025;11;273;462766.0;SPD;Sozialdemokratische Partei Deutschlands
2025;11;281;31534.0;Tierschutzpartei;PARTEI MENSCH UMWELT TIERSCHUTZ
2025;11;295;18845.0;Volt;Volt Deutschland
2025;11;300;4146.0;ÖDP;Ökologisch-Demokratische Partei
2025;12;4;306191.0;AfD;Alternative für Deutschland
2025;12;12;64728.0;BSW;Bündnis Sahra Wagenknecht - Vernunft und Gerechtigkeit
2025;12;16;3031.0;BÜNDNIS DEUTSCHLAND;BÜNDNIS DEUTSCHLAND
2025;12;21;518367.0;CDU;Christlich Demokratische Union Deutschlands
2025;12;29;146398.0;Die Linke;Die Linke
2025;12;30;13738.0;Die PARTEI;Partei für Arbeit, Rechtsstaat, Tierschutz, Elitenförderung und basisdemokratische Initiative
2025;12;235;88156.0;FDP;Freie Demokratische Partei
2025;12;236;13651.0;FREIE WÄHLER;FREIE WÄHLER
2025;12;245;279932.0;GRÜNE;BÜNDNIS 90/DIE GRÜNEN
2025;12;261;581.0;MLPD;Marxistisch-Leninistische Partei Deutschlands
2025;12;273;352671.0;SPD;Sozialdemokratische Partei Deutschlands
2025;12;274;76126.0;SSW;Südschleswigscher Wählerverband
2025;12;295;16512.0;Volt;Volt Deutschland
2025;13;4;129201.0;AfD;Alternative für Deutschland
2025;13;12;36960.0;BSW;Bündnis Sahra Wagenknecht - Vernunft und Gerechtigkeit
2025;13;16;1484.0;BÜNDNIS DEUTSCHLAND;BÜNDNIS DEUTSCHLAND
2025;13;21;160996.0;CDU;Christlich Demokratische Union Deutschlands
2025;13;29;43998.0;Die Linke;Die Linke
2025;13;235;25689.0;FDP;Freie Demokratische Partei
2025;13;236;8453.0;FREIE WÄHLER;FREIE WÄHLER
2025;13;245;43195.0;GRÜNE;BÜNDNIS 90/DIE GRÜNEN
2025;13;261;303.0;MLPD;Marxistisch-Leninistische Partei Deutschlands
2025;13;268;1756.0;PIRATEN;Piratenpartei Deutschland
2025;13;273;131016.0;SPD;Sozialdemokratische Partei Deutschlands
2025;13;281;12247.0;Tierschutzpartei;PARTEI MENSCH UMWELT TIERSCHUTZ
2025;13;295;3714.0;Volt;Volt Deutschland
2025;14;4;958363.0;AfD;Alternative für Deutschland
2025;14;12;232199.0;BSW;Bündnis Sahra Wagenknecht - Vernunft und Gerechtigkeit
2025;14;16;7452.0;BÜNDNIS DEUTSCHLAND;BÜNDNIS DEUTSCHLAND
2025;14;21;507168.0;CDU;Christlich Demokratische Union Deutschlands
2025;14;29;290440.0;Die Linke;Die Linke
2025;14;30;13709.0;Die PARTEI;Partei für Arbeit, Rechtsstaat, Tierschutz, Elitenförderung und basisdemokratische Initiative
2025;14;235;83495.0;FDP;Freie Demokratische Partei
2025;14;236;40136.0;FREIE WÄHLER;FREIE WÄHLER
2025;14;245;167256.0;GRÜNE;BÜNDNIS 90/DIE GRÜNEN
2025;14;261;1113.0;MLPD;Marxistisch-Leninistische Partei Deutschlands
2025;14;267;2474.0;PdH;Partei der Humanisten - Fakten, Freiheit, Fortschritt
2025;14;268;4021.0;PIRATEN;Piratenpartei Deutschland
2025;14;273;217155.0;SPD;Sozialdemokratische Partei Deutschlands
2025;14;281;29738.0;Tierschutzpartei;PARTEI MENSCH UMWELT TIERSCHUTZ
2025;14;295;14744.0;Volt;Volt Deutschland
2025;15;4;496100.0;AfD;Alternative für Deutschland
2025;15;12;150328.0;BSW;Bündnis Sahra Wagenknecht - Vernunft und Gerechtigkeit
2025;15;16;4540.0;BÜNDNIS DEUTSCHLAND;BÜNDNIS DEUTSCHLAND
2025;15;21;256535.0;CDU;Christlich Demokratische Union Deutschlands
2025;15;29;143803.0;Die Linke;Die Linke
2025;15;30;11034.0;Die PARTEI;Partei für Arbeit, Rechtsstaat, Tierschutz, Elitenförderung und basisdemokratische Initiative
2025;15;235;41247.0;FDP;Freie Demokratische Partei
2025;15;236;18453.0;FREIE WÄHLER;FREIE WÄHLER
2025;15;245;59074.0;GRÜNE;BÜNDNIS 90/DIE GRÜNEN
2025;15;261;1187.0;MLPD;Marxistisch-Leninistische Partei Deutschlands
2025;15;273;146538.0;SPD;Sozialdemokratische Partei Deutschlands
2025;15;295;8487.0;Volt;Volt Deutschland
2025;16;4;510519.0;AfD;Alternative für Deutschland
2025;16;12;124501.0;BSW;Bündnis Sahra Wagenknecht - Vernunft und Gerechtigkeit
2025;16;16;3608.0;BÜNDNIS DEUTSCHLAND;BÜNDNIS DEUTSCHLAND
2025;16;21;246072.0;CDU;Christlich Demokratische Union Deutschlands
2025;16;29;200691.0;Die Linke;Die Linke
2025;16;235;37286.0;FDP;Freie Demokratische Partei
2025;16;236;20622.0;FREIE WÄHLER;FREIE WÄHLER
2025;16;245;56084.0;GRÜNE;BÜNDNIS 90/DIE GRÜNEN
2025;16;261;1830.0;MLPD;Marxistisch-Leninistische Partei Deutschlands
2025;16;273;115915.0;SPD;Sozialdemokratische Partei Deutschlands
2025;16;295;7006.0;Volt;Volt Deutschland
